<?xml version="1.0" encoding="UTF-8"?>
<!DOCTYPE mapper PUBLIC "-//mybatis.org//DTD Mapper 3.0//EN"
	"http://mybatis.org/dtd/mybatis-3-mapper.dtd">

<mapper namespace="Member">

<select id="idcheck" parameterType="java.lang.String" resultType="java.lang.Integer">
	select count(*)
	from maeil_member
	where employee_id=#{employee_id}
</select>

<select id="login" parameterType="ssg.com.maeil.dto.MemberDto" 
					resultType="ssg.com.maeil.dto.MemberDto">
	select employee_id, employee_name, employee_email, auth,
			department_id, department_name, edate, erank
	from maeil_member
	where employee_id=#{employee_id} and employee_password=#{employee_password}
</select>

<update id="changeInfo" parameterType="ssg.com.maeil.dto.MemberDto">

	update maeil_member
	set employee_email=#{employee_email}, department_name=#{department_name}
	where employee_id=#{employee_id}

</update>

<update id="changepwdAf" parameterType="ssg.com.maeil.dto.MemberDto">
	update maeil_member
	set employee_password=#{newpwd}
	where employee_id=#{employee_id} and employee_password=#{employee_password}

</update>

</mapper>





